File	Time (s)	Graph Size	Kernel Size	k	Constraints (total)	Constraints (needed)
../test_instances/final/33_50/cog_10_435.dimacs	0.00	10	0	0	405	0
../test_instances/final/33_50/cog_10_911.dimacs	0.02	10	9	2	405	163
../test_instances/final/33_50/cog_11_1859.dimacs	0.01	11	8	2	550	148
../test_instances/final/33_50/cog_11_2703.dimacs	0.01	11	9	2	550	225
../test_instances/final/33_50/cog_12_1072.dimacs	0.00	12	0	0	726	0
../test_instances/final/33_50/cog_12_1930.dimacs	0.00	12	0	0	726	0
../test_instances/final/33_50/cog_13_451.dimacs	0.00	13	0	0	936	0
../test_instances/final/33_50/cog_13_614.dimacs	0.02	13	11	3	936	362
../test_instances/final/33_50/cog_14_1144.dimacs	0.03	14	9	4	1183	288
../test_instances/final/33_50/cog_14_401.dimacs	0.02	14	11	3	1183	550
../test_instances/final/33_50/cog_15_342.dimacs	0.02	15	13	4	1470	793
../test_instances/final/33_50/cog_15_955.dimacs	0.01	15	10	1	1470	405
../test_instances/final/33_50/cog_16_1457.dimacs	0.00	16	0	0	1800	0
../test_instances/final/33_50/cog_16_3052.dimacs	0.03	16	16	5	1800	1800
../test_instances/final/33_50/cog_17_1386.dimacs	0.01	17	10	1	2176	405
../test_instances/final/33_50/cog_17_3926.dimacs	0.05	17	16	5	2176	1576
../test_instances/final/33_50/cog_18_1804.dimacs	0.02	18	13	3	2601	936
../test_instances/final/33_50/cog_18_2686.dimacs	0.02	18	13	2	2601	662
../test_instances/final/33_50/cog_19_3088.dimacs	0.02	19	13	2	3078	936
../test_instances/final/33_50/cog_19_484.dimacs	0.43	19	15	9	3078	1275
../test_instances/final/33_50/cog_20_1892.dimacs	0.01	20	15	2	3610	1275
../test_instances/final/33_50/cog_20_2439.dimacs	0.98	20	20	15	3610	3250
../test_instances/final/33_50/cog_21_2640.dimacs	0.04	21	16	4	4200	1800
../test_instances/final/33_50/cog_21_690.dimacs	0.00	21	7	1	4200	85
../test_instances/final/33_50/cog_22_2105.dimacs	0.85	22	18	17	4851	2313
../test_instances/final/33_50/cog_22_3925.dimacs	0.03	22	19	2	4851	2450
../test_instances/final/33_50/cog_23_646.dimacs	2.88	23	23	19	5566	5566
../test_instances/final/33_50/cog_23_81.dimacs	0.12	23	21	7	5566	4200
../test_instances/final/33_50/cog_24_1073.dimacs	0.01	24	11	1	6348	550
../test_instances/final/33_50/cog_24_1679.dimacs	0.49	24	20	12	6348	3610
../test_instances/final/33_50/cog_25_296.dimacs	0.02	25	13	3	7200	936
../test_instances/final/33_50/cog_25_84.dimacs	0.02	25	25	2	7200	1565
../test_instances/final/33_50/cog_26_1505.dimacs	1.61	26	20	17	8125	3610
../test_instances/final/33_50/cog_26_3628.dimacs	0.10	26	18	6	8125	2601
../test_instances/final/33_50/cog_27_1330.dimacs	6.09	27	27	28	9126	8451
../test_instances/final/33_50/cog_27_2415.dimacs	0.11	27	20	8	9126	3610
../test_instances/final/33_50/cog_28_1688.dimacs	3.78	28	28	16	10206	10206
../test_instances/final/33_50/cog_28_261.dimacs	0.09	28	20	6	10206	3250
../test_instances/final/33_50/cog_29_320.dimacs	2.01	29	25	14	11368	7200
../test_instances/final/33_50/cog_29_953.dimacs	0.62	29	28	14	11368	9478
../test_instances/final/33_50/cog_30_1047.dimacs	0.15	30	26	8	12615	6304
../test_instances/final/33_50/cog_30_416.dimacs	8.13	30	29	32	12615	10585
../test_instances/final/33_50/cog_31_1602.dimacs	1.89	31	25	14	13950	6625
../test_instances/final/33_50/cog_31_23.dimacs	11.20	31	31	35	13950	13950
../test_instances/final/33_50/cog_32_1124.dimacs	0.28	32	23	12	15376	5083
../test_instances/final/33_50/cog_32_1344.dimacs	7.48	32	30	31	15376	11775
../test_instances/final/33_50/cog_33_1094.dimacs	31.80	33	33	48	16896	15873
../test_instances/final/33_50/cog_33_1673.dimacs	1.22	33	31	12	16896	13950
../test_instances/final/33_50/cog_34_222.dimacs	15.64	34	34	43	18513	15348
../test_instances/final/33_50/cog_34_3576.dimacs	0.19	34	24	7	18513	5820
../test_instances/final/33_50/cog_35_1137.dimacs	0.08	35	23	2	20230	5566
../test_instances/final/33_50/cog_35_691.dimacs	5.04	35	33	29	20230	15873
../test_instances/final/33_50/cog_36_2275.dimacs	1.50	36	34	20	22050	16370
../test_instances/final/33_50/cog_36_71.dimacs	3.57	36	31	22	22050	12182
../test_instances/final/33_50/cog_37_1715.dimacs	15.15	37	34	37	23976	18513
../test_instances/final/33_50/cog_37_2407.dimacs	0.22	37	20	9	23976	3610
../test_instances/final/33_50/cog_38_211.dimacs	0.12	38	25	4	26011	7200
../test_instances/final/33_50/cog_38_2566.dimacs	21.82	38	38	38	26011	26011
../test_instances/final/33_50/cog_39_1510.dimacs	9.35	39	39	36	28158	23943
../test_instances/final/33_50/cog_39_4.dimacs	0.59	39	33	13	28158	16896
../test_instances/final/33_50/cog_40_1281.dimacs	0.10	40	25	4	30420	7200
../test_instances/final/33_50/cog_40_1327.dimacs	1.35	40	35	24	30420	17921
../test_instances/final/33_50/cog_41_1081.dimacs	1.93	41	37	25	32800	22681
../test_instances/final/33_50/cog_41_280.dimacs	0.62	41	34	15	32800	16370
../test_instances/final/33_50/cog_42_1342.dimacs	67.19	42	40	52	35301	30420
../test_instances/final/33_50/cog_42_165.dimacs	0.58	42	37	11	35301	23976
../test_instances/final/33_50/cog_43_1006.dimacs	2.10	43	27	15	37926	9126
../test_instances/final/33_50/cog_43_1800.dimacs	26.73	43	31	49	37926	13950
../test_instances/final/33_50/cog_44_1288.dimacs	7.05	44	39	33	40678	28158
../test_instances/final/33_50/cog_44_1449.dimacs	342.06	44	43	64	40678	36163
../test_instances/final/33_50/cog_45_875.dimacs	45.11	45	42	51	43560	35301
../test_instances/final/33_50/cog_45_900.dimacs	5.47	45	45	31	43560	39691
../test_instances/final/33_50/cog_46_60.dimacs	2.64	46	34	26	46575	18513
../test_instances/final/33_50/cog_46_686.dimacs	0.56	46	32	12	46575	14416
../test_instances/final/33_50/cog_47_1853.dimacs	15.86	47	43	33	49726	37926
../test_instances/final/33_50/cog_47_2176.dimacs	0.15	47	28	3	49726	10206
../test_instances/final/33_50/cog_48_1518.dimacs	1.52	48	43	18	53016	36163
../test_instances/final/33_50/cog_48_156.dimacs	42.96	48	42	56	53016	33621
../test_instances/final/33_50/cog_49_1338.dimacs	11.73	49	32	33	56448	15376
../test_instances/final/33_50/cog_50_523.dimacs	7.50	50	50	29	60025	52972
../test_instances/final/33_50/cog_50_981.dimacs	61.48	50	48	58	60025	50808
../test_instances/final/33_50/cog_6_1212.dimacs	0.00	6	0	0	75	0
../test_instances/final/33_50/cog_6_1912.dimacs	0.00	6	0	0	75	0
../test_instances/final/33_50/cog_7_1856.dimacs	0.00	7	0	0	126	0
../test_instances/final/33_50/cog_7_3469.dimacs	0.03	7	6	1	126	46
../test_instances/final/33_50/cog_8_3047.dimacs	0.00	8	6	1	196	51
../test_instances/final/33_50/cog_8_3064.dimacs	0.01	8	7	1	196	57
../test_instances/final/33_50/cog_9_1293.dimacs	0.00	9	0	0	288	0
../test_instances/final/33_50/cog_9_3084.dimacs	0.00	9	7	2	288	91
../test_instances/final/50_50/cog_10_435.dimacs	0.01	10	9	1	405	217
../test_instances/final/50_50/cog_10_911.dimacs	0.01	10	9	1	405	225
../test_instances/final/50_50/cog_11_1859.dimacs	0.01	11	11	1	550	550
../test_instances/final/50_50/cog_11_2703.dimacs	0.01	11	11	2	550	353
../test_instances/final/50_50/cog_12_1072.dimacs	0.01	12	10	2	726	405
../test_instances/final/50_50/cog_12_1930.dimacs	0.01	12	12	1	726	497
../test_instances/final/50_50/cog_13_451.dimacs	0.03	13	13	3	936	793
../test_instances/final/50_50/cog_13_614.dimacs	0.00	13	0	0	936	0
../test_instances/final/50_50/cog_14_1144.dimacs	0.03	14	14	4	1183	1183
../test_instances/final/50_50/cog_14_401.dimacs	0.02	14	13	4	1183	936
../test_instances/final/50_50/cog_15_342.dimacs	0.03	15	13	4	1470	936
../test_instances/final/50_50/cog_15_955.dimacs	0.01	15	11	1	1470	550
../test_instances/final/50_50/cog_16_1457.dimacs	0.01	16	5	1	1800	21
../test_instances/final/50_50/cog_16_3052.dimacs	0.65	16	16	12	1800	1800
../test_instances/final/50_50/cog_17_1386.dimacs	0.01	17	12	1	2176	726
../test_instances/final/50_50/cog_17_3926.dimacs	0.10	17	17	8	2176	1682
../test_instances/final/50_50/cog_18_1804.dimacs	0.00	18	0	0	2601	0
../test_instances/final/50_50/cog_18_2686.dimacs	0.09	18	18	7	2601	2601
../test_instances/final/50_50/cog_19_3088.dimacs	0.04	19	19	4	3078	2755
../test_instances/final/50_50/cog_19_484.dimacs	0.05	19	18	5	3078	2313
../test_instances/final/50_50/cog_20_1892.dimacs	0.07	20	20	6	3610	3610
../test_instances/final/50_50/cog_20_2439.dimacs	1.72	20	20	18	3610	3610
../test_instances/final/50_50/cog_21_2640.dimacs	3.00	21	21	15	4200	4200
../test_instances/final/50_50/cog_21_690.dimacs	1.35	21	19	15	4200	3078
../test_instances/final/50_50/cog_22_2105.dimacs	0.69	22	20	15	4851	3610
../test_instances/final/50_50/cog_22_3925.dimacs	1.14	22	21	13	4851	3801
../test_instances/final/50_50/cog_23_646.dimacs	2.07	23	23	18	5566	5566
../test_instances/final/50_50/cog_23_81.dimacs	2.72	23	22	21	5566	4411
../test_instances/final/50_50/cog_24_1073.dimacs	3.91	24	23	24	6348	5566
../test_instances/final/50_50/cog_24_1679.dimacs	0.60	24	23	15	6348	5083
../test_instances/final/50_50/cog_25_296.dimacs	4.40	25	23	29	7200	5566
../test_instances/final/50_50/cog_25_84.dimacs	0.50	25	25	13	7200	6625
../test_instances/final/50_50/cog_26_1505.dimacs	0.12	26	25	6	8125	7200
../test_instances/final/50_50/cog_26_3628.dimacs	7.62	26	26	28	8125	8125
../test_instances/final/50_50/cog_27_1330.dimacs	5.09	27	27	33	9126	8451
../test_instances/final/50_50/cog_27_2415.dimacs	0.30	27	25	13	9126	7200
../test_instances/final/50_50/cog_28_1688.dimacs	7.69	28	28	31	10206	10206
../test_instances/final/50_50/cog_28_261.dimacs	0.29	28	28	10	10206	10206
../test_instances/final/50_50/cog_29_320.dimacs	0.38	29	29	16	11368	10557
../test_instances/final/50_50/cog_29_953.dimacs	25.04	29	28	43	11368	10206
../test_instances/final/50_50/cog_30_1047.dimacs	0.27	30	27	11	12615	9126
../test_instances/final/50_50/cog_30_416.dimacs	8.98	30	29	30	12615	11368
../test_instances/final/50_50/cog_31_1602.dimacs	0.98	31	25	19	13950	7200
../test_instances/final/50_50/cog_31_23.dimacs	5.33	31	31	33	13950	13950
../test_instances/final/50_50/cog_32_1124.dimacs	0.18	32	31	7	15376	7228
../test_instances/final/50_50/cog_32_1344.dimacs	1.23	32	31	25	15376	13950
../test_instances/final/50_50/cog_33_1094.dimacs	12.37	33	33	44	16896	16896
../test_instances/final/50_50/cog_33_1673.dimacs	184.12	33	33	60	16896	16896
../test_instances/final/50_50/cog_34_222.dimacs	12.71	34	34	46	18513	18513
../test_instances/final/50_50/cog_34_3576.dimacs	0.33	34	33	11	18513	14882
../test_instances/final/50_50/cog_35_1137.dimacs	0.31	35	28	9	20230	10206
../test_instances/final/50_50/cog_35_691.dimacs	2.03	35	33	31	20230	16896
../test_instances/final/50_50/cog_36_2275.dimacs	1.97	36	34	24	22050	18513
../test_instances/final/50_50/cog_36_71.dimacs	3.64	36	34	31	22050	18513
../test_instances/final/50_50/cog_37_1715.dimacs	3.20	37	34	34	23976	18513
../test_instances/final/50_50/cog_37_2407.dimacs	193.62	37	37	67	23976	23976
../test_instances/final/50_50/cog_38_211.dimacs	0.28	38	31	4	26011	13950
../test_instances/final/50_50/cog_38_2566.dimacs	310.58	38	38	66	26011	26011
../test_instances/final/50_50/cog_39_1510.dimacs	14.50	39	39	48	28158	28158
../test_instances/final/50_50/cog_39_4.dimacs	15.34	39	39	51	28158	28158
../test_instances/final/50_50/cog_40_1281.dimacs	4.53	40	39	31	30420	28158
../test_instances/final/50_50/cog_40_1327.dimacs	2.93	40	39	28	30420	28158
../test_instances/final/50_50/cog_41_1081.dimacs	7.35	41	41	35	32800	32800
../test_instances/final/50_50/cog_41_280.dimacs	0.79	41	39	12	32800	26715
../test_instances/final/50_50/cog_42_1342.dimacs	11.15	42	42	36	35301	35301
../test_instances/final/50_50/cog_42_165.dimacs	25.23	42	37	56	35301	23976
../test_instances/final/50_50/cog_43_1006.dimacs	338.06	43	43	72	37926	37926
../test_instances/final/50_50/cog_43_1800.dimacs	0.96	43	31	13	37926	13950
../test_instances/final/50_50/cog_44_1288.dimacs	1.24	44	39	17	40678	28158
../test_instances/final/50_50/cog_44_1449.dimacs	32.56	44	43	55	40678	36163
../test_instances/final/50_50/cog_45_875.dimacs	907.59	45	43	87	43560	37926
../test_instances/final/50_50/cog_45_900.dimacs	19.43	45	45	49	43560	43560
../test_instances/final/50_50/cog_46_60.dimacs	0.79	46	39	16	46575	26677
../test_instances/final/50_50/cog_46_686.dimacs	3.32	46	46	26	46575	46575
../test_instances/final/50_50/cog_47_1853.dimacs	2885.47	47	47	98	49726	47611
../test_instances/final/50_50/cog_47_2176.dimacs	0.26	47	36	2	49726	20826
../test_instances/final/50_50/cog_48_1518.dimacs	4.71	48	44	34	53016	40678
../test_instances/final/50_50/cog_48_156.dimacs	22.03	48	45	53	53016	43560
../test_instances/final/50_50/cog_49_1338.dimacs	0.00	49	0	0	56448	0
../test_instances/final/50_50/cog_49_508.dimacs	484.83	49	49	92	56448	56448
../test_instances/final/50_50/cog_50_523.dimacs	215.92	50	50	75	60025	60025
../test_instances/final/50_50/cog_50_981.dimacs	56.49	50	50	63	60025	60025
../test_instances/final/50_50/cog_6_1212.dimacs	0.00	6	0	0	75	0
../test_instances/final/50_50/cog_6_1912.dimacs	0.00	6	0	0	75	0
../test_instances/final/50_50/cog_7_1856.dimacs	0.03	7	7	1	126	85
../test_instances/final/50_50/cog_7_3469.dimacs	0.01	7	6	1	126	75
../test_instances/final/50_50/cog_8_3047.dimacs	0.01	8	8	1	196	141
../test_instances/final/50_50/cog_8_3064.dimacs	0.02	8	8	3	196	196
../test_instances/final/50_50/cog_9_1293.dimacs	0.00	9	0	0	288	0
../test_instances/final/50_50/cog_9_3084.dimacs	0.00	9	9	1	288	217
../test_instances/final/66_50/cog_10_435.dimacs	0.00	10	0	0	405	0
../test_instances/final/66_50/cog_10_911.dimacs	0.00	10	0	0	405	0
../test_instances/final/66_50/cog_11_1859.dimacs	0.01	11	11	3	550	550
../test_instances/final/66_50/cog_11_2703.dimacs	0.02	11	11	2	550	550
../test_instances/final/66_50/cog_12_1072.dimacs	0.02	12	12	2	726	726
../test_instances/final/66_50/cog_12_1930.dimacs	0.01	12	12	2	726	726
../test_instances/final/66_50/cog_13_451.dimacs	0.05	13	13	5	936	936
../test_instances/final/66_50/cog_13_614.dimacs	0.00	13	0	0	936	0
../test_instances/final/66_50/cog_14_1144.dimacs	0.30	14	14	9	1183	1183
../test_instances/final/66_50/cog_14_401.dimacs	0.02	14	13	3	1183	936
../test_instances/final/66_50/cog_15_342.dimacs	0.00	15	0	0	1470	0
../test_instances/final/66_50/cog_15_955.dimacs	0.04	15	15	3	1470	1470
../test_instances/final/66_50/cog_16_1457.dimacs	0.08	16	16	7	1800	1800
../test_instances/final/66_50/cog_16_3052.dimacs	0.08	16	16	8	1800	1800
../test_instances/final/66_50/cog_17_1386.dimacs	0.05	17	17	6	2176	2176
../test_instances/final/66_50/cog_17_3926.dimacs	0.04	17	17	5	2176	2176
../test_instances/final/66_50/cog_18_1804.dimacs	0.12	18	18	8	2601	2601
../test_instances/final/66_50/cog_18_2686.dimacs	0.22	18	18	10	2601	2601
../test_instances/final/66_50/cog_19_3088.dimacs	0.04	19	19	2	3078	2755
../test_instances/final/66_50/cog_19_484.dimacs	0.05	19	19	4	3078	3078
../test_instances/final/66_50/cog_20_1892.dimacs	0.06	20	20	6	3610	3610
../test_instances/final/66_50/cog_20_2439.dimacs	0.41	20	20	14	3610	3610
../test_instances/final/66_50/cog_21_2640.dimacs	0.25	21	21	10	4200	4200
../test_instances/final/66_50/cog_21_690.dimacs	0.18	21	19	10	4200	3078
../test_instances/final/66_50/cog_22_2105.dimacs	0.18	22	22	11	4851	4411
../test_instances/final/66_50/cog_22_3925.dimacs	0.11	22	21	8	4851	4200
../test_instances/final/66_50/cog_23_646.dimacs	2.44	23	23	19	5566	5566
../test_instances/final/66_50/cog_23_81.dimacs	0.12	23	22	6	5566	4411
../test_instances/final/66_50/cog_24_1073.dimacs	0.25	24	24	13	6348	6348
../test_instances/final/66_50/cog_24_1679.dimacs	0.10	24	24	7	6348	5820
../test_instances/final/66_50/cog_25_296.dimacs	2.55	25	25	20	7200	6601
../test_instances/final/66_50/cog_25_84.dimacs	0.40	25	25	14	7200	7200
../test_instances/final/66_50/cog_26_1505.dimacs	0.25	26	26	11	8125	8125
../test_instances/final/66_50/cog_26_3628.dimacs	1.21	26	26	22	8125	8125
../test_instances/final/66_50/cog_27_1330.dimacs	0.92	27	27	22	9126	9126
../test_instances/final/66_50/cog_27_2415.dimacs	0.21	27	25	9	9126	7200
../test_instances/final/66_50/cog_28_1688.dimacs	5.23	28	28	27	10206	10206
../test_instances/final/66_50/cog_28_261.dimacs	5.47	28	28	25	10206	10206
../test_instances/final/66_50/cog_29_320.dimacs	0.32	29	29	12	11368	10585
../test_instances/final/66_50/cog_29_953.dimacs	7.53	29	28	29	11368	10206
../test_instances/final/66_50/cog_30_1047.dimacs	0.16	30	28	5	12615	9478
../test_instances/final/66_50/cog_30_416.dimacs	1.24	30	30	25	12615	12615
../test_instances/final/66_50/cog_31_1602.dimacs	0.21	31	31	2	13950	13950
../test_instances/final/66_50/cog_31_23.dimacs	2.27	31	31	26	13950	13950
../test_instances/final/66_50/cog_32_1124.dimacs	1.20	32	32	14	15376	15376
../test_instances/final/66_50/cog_32_1344.dimacs	10.04	32	32	28	15376	15376
../test_instances/final/66_50/cog_33_1094.dimacs	9.69	33	33	40	16896	16896
../test_instances/final/66_50/cog_33_1673.dimacs	11.23	33	33	48	16896	16896
../test_instances/final/66_50/cog_34_222.dimacs	3.72	34	34	30	18513	18513
../test_instances/final/66_50/cog_34_3576.dimacs	0.56	34	34	18	18513	17425
../test_instances/final/66_50/cog_35_1137.dimacs	0.23	35	34	2	20230	18513
../test_instances/final/66_50/cog_35_691.dimacs	0.52	35	34	14	20230	17425
../test_instances/final/66_50/cog_36_2275.dimacs	0.85	36	34	23	22050	18513
../test_instances/final/66_50/cog_36_71.dimacs	0.62	36	34	13	22050	18513
../test_instances/final/66_50/cog_37_1715.dimacs	1.23	37	35	24	23976	19075
../test_instances/final/66_50/cog_37_2407.dimacs	3.87	37	37	41	23976	23976
../test_instances/final/66_50/cog_38_211.dimacs	0.44	38	35	7	26011	20230
../test_instances/final/66_50/cog_38_2566.dimacs	26.88	38	38	56	26011	26011
../test_instances/final/66_50/cog_39_1510.dimacs	5.39	39	39	36	28158	28158
../test_instances/final/66_50/cog_39_4.dimacs	3.47	39	39	41	28158	28158
../test_instances/final/66_50/cog_40_1281.dimacs	8.31	40	39	35	30420	28158
../test_instances/final/66_50/cog_40_1327.dimacs	2.15	40	39	24	30420	28158
../test_instances/final/66_50/cog_41_1081.dimacs	3.32	41	41	27	32800	32800
../test_instances/final/66_50/cog_41_280.dimacs	0.79	41	39	16	32800	28158
../test_instances/final/66_50/cog_42_1342.dimacs	6.89	42	42	37	35301	35301
../test_instances/final/66_50/cog_42_165.dimacs	1.23	42	37	17	35301	23976
../test_instances/final/66_50/cog_43_1006.dimacs	2372.70	43	43	108	37926	37926
../test_instances/final/66_50/cog_43_1800.dimacs	5.89	43	43	27	37926	37926
../test_instances/final/66_50/cog_44_1288.dimacs	1.04	44	40	18	40678	30420
../test_instances/final/66_50/cog_44_1449.dimacs	4.76	44	44	36	40678	38830
../test_instances/final/66_50/cog_45_875.dimacs	36.13	45	43	64	43560	37926
../test_instances/final/66_50/cog_45_900.dimacs	6.88	45	45	38	43560	43560
../test_instances/final/66_50/cog_46_60.dimacs	0.36	46	39	1	46575	28158
../test_instances/final/66_50/cog_46_686.dimacs	27.18	46	46	51	46575	46575
../test_instances/final/66_50/cog_47_1853.dimacs	80.79	47	47	74	49726	49726
../test_instances/final/66_50/cog_47_2176.dimacs	0.79	47	42	9	49726	35301
../test_instances/final/66_50/cog_48_1518.dimacs	6.38	48	47	27	53016	45542
../test_instances/final/66_50/cog_48_156.dimacs	3.42	48	45	32	53016	43560
../test_instances/final/66_50/cog_49_1338.dimacs	583.44	49	49	90	56448	56448
../test_instances/final/66_50/cog_49_508.dimacs	109.45	49	49	82	56448	56448
../test_instances/final/66_50/cog_50_523.dimacs	40.76	50	50	61	60025	60025
../test_instances/final/66_50/cog_50_981.dimacs	11.65	50	50	48	60025	60025
../test_instances/final/66_50/cog_6_1212.dimacs	0.03	6	6	1	75	75
../test_instances/final/66_50/cog_6_1912.dimacs	0.00	6	0	0	75	0
../test_instances/final/66_50/cog_7_1856.dimacs	0.01	7	7	1	126	126
../test_instances/final/66_50/cog_7_3469.dimacs	0.00	7	0	0	126	0
../test_instances/final/66_50/cog_8_3047.dimacs	0.01	8	8	1	196	196
../test_instances/final/66_50/cog_8_3064.dimacs	0.01	8	8	2	196	196
../test_instances/final/66_50/cog_9_1293.dimacs	0.00	9	0	0	288	0
../test_instances/final/66_50/cog_9_3084.dimacs	0.01	9	9	1	288	288
../test_instances/final/random_ER/random_10_1_0.dimacs	0.00	10	5	1	405	21
../test_instances/final/random_ER/random_10_1_1.dimacs	0.00	10	5	1	405	3
../test_instances/final/random_ER/random_10_2_0.dimacs	0.00	10	0	0	405	0
../test_instances/final/random_ER/random_10_2_1.dimacs	0.01	10	8	2	405	196
../test_instances/final/random_ER/random_10_3_0.dimacs	0.01	10	9	3	405	217
../test_instances/final/random_ER/random_10_3_1.dimacs	0.02	10	9	4	405	288
../test_instances/final/random_ER/random_10_4_0.dimacs	0.02	10	10	3	405	325
../test_instances/final/random_ER/random_10_4_1.dimacs	0.04	10	10	5	405	325
../test_instances/final/random_ER/random_10_5_0.dimacs	0.01	10	10	2	405	405
../test_instances/final/random_ER/random_10_5_1.dimacs	0.17	10	10	6	405	405
../test_instances/final/random_ER/random_10_6_0.dimacs	0.06	10	10	5	405	405
../test_instances/final/random_ER/random_10_6_1.dimacs	0.02	10	10	5	405	405
../test_instances/final/random_ER/random_10_7_0.dimacs	0.02	10	10	4	405	405
../test_instances/final/random_ER/random_10_7_1.dimacs	0.01	10	10	3	405	405
../test_instances/final/random_ER/random_10_8_0.dimacs	0.02	10	10	3	405	405
../test_instances/final/random_ER/random_10_8_1.dimacs	0.01	10	10	1	405	405
../test_instances/final/random_ER/random_10_9_0.dimacs	0.00	10	0	0	405	0
../test_instances/final/random_ER/random_10_9_1.dimacs	0.01	10	10	1	405	405
../test_instances/final/random_ER/random_12_1_0.dimacs	0.00	12	0	0	726	0
../test_instances/final/random_ER/random_12_1_1.dimacs	0.00	12	7	1	726	35
../test_instances/final/random_ER/random_12_2_0.dimacs	0.01	12	9	2	726	75
../test_instances/final/random_ER/random_12_2_1.dimacs	0.01	12	8	3	726	148
../test_instances/final/random_ER/random_12_3_0.dimacs	0.11	12	12	7	726	726
../test_instances/final/random_ER/random_12_3_1.dimacs	0.02	12	11	5	726	362
../test_instances/final/random_ER/random_12_4_0.dimacs	0.20	12	12	9	726	606
../test_instances/final/random_ER/random_12_4_1.dimacs	0.26	12	12	10	726	726
../test_instances/final/random_ER/random_12_5_0.dimacs	0.02	12	12	5	726	726
../test_instances/final/random_ER/random_12_5_1.dimacs	0.18	12	11	7	726	550
../test_instances/final/random_ER/random_12_6_0.dimacs	0.27	12	12	7	726	726
../test_instances/final/random_ER/random_12_6_1.dimacs	0.11	12	12	7	726	606
../test_instances/final/random_ER/random_12_7_0.dimacs	0.16	12	12	8	726	726
../test_instances/final/random_ER/random_12_7_1.dimacs	0.02	12	12	4	726	726
../test_instances/final/random_ER/random_12_8_0.dimacs	0.27	12	12	7	726	726
../test_instances/final/random_ER/random_12_8_1.dimacs	0.03	12	12	5	726	726
../test_instances/final/random_ER/random_12_9_0.dimacs	0.02	12	12	2	726	726
../test_instances/final/random_ER/random_12_9_1.dimacs	0.02	12	12	1	726	726
../test_instances/final/random_ER/random_14_1_0.dimacs	0.00	14	10	1	1183	24
../test_instances/final/random_ER/random_14_1_1.dimacs	0.00	14	6	1	1183	13
../test_instances/final/random_ER/random_14_2_0.dimacs	0.01	14	13	4	1183	533
../test_instances/final/random_ER/random_14_2_1.dimacs	0.09	14	14	7	1183	847
../test_instances/final/random_ER/random_14_3_0.dimacs	0.27	14	14	9	1183	1015
../test_instances/final/random_ER/random_14_3_1.dimacs	0.40	14	14	13	1183	1183
../test_instances/final/random_ER/random_14_4_0.dimacs	0.44	14	14	12	1183	1183
../test_instances/final/random_ER/random_14_4_1.dimacs	0.10	14	14	8	1183	1183
../test_instances/final/random_ER/random_14_5_0.dimacs	0.36	14	14	12	1183	1183
../test_instances/final/random_ER/random_14_5_1.dimacs	0.35	14	14	12	1183	1183
../test_instances/final/random_ER/random_14_6_0.dimacs	0.54	14	14	12	1183	1183
../test_instances/final/random_ER/random_14_6_1.dimacs	0.36	14	14	11	1183	1183
../test_instances/final/random_ER/random_14_7_0.dimacs	0.18	14	14	9	1183	1183
../test_instances/final/random_ER/random_14_7_1.dimacs	0.13	14	14	8	1183	1183
../test_instances/final/random_ER/random_14_8_0.dimacs	0.06	14	14	7	1183	1183
../test_instances/final/random_ER/random_14_8_1.dimacs	0.14	14	14	8	1183	1183
../test_instances/final/random_ER/random_14_9_0.dimacs	0.26	14	14	7	1183	1183
../test_instances/final/random_ER/random_14_9_1.dimacs	0.03	14	14	3	1183	1183
../test_instances/final/random_ER/random_16_1_0.dimacs	0.00	16	6	1	1800	13
../test_instances/final/random_ER/random_16_1_1.dimacs	0.00	16	6	1	1800	4
../test_instances/final/random_ER/random_16_2_0.dimacs	0.11	16	16	8	1800	1367
../test_instances/final/random_ER/random_16_2_1.dimacs	0.04	16	14	5	1800	696
../test_instances/final/random_ER/random_16_3_0.dimacs	0.59	16	16	10	1800	1800
../test_instances/final/random_ER/random_16_3_1.dimacs	0.66	16	16	14	1800	1800
../test_instances/final/random_ER/random_16_4_0.dimacs	0.70	16	16	15	1800	1800
../test_instances/final/random_ER/random_16_4_1.dimacs	0.95	16	16	14	1800	1800
../test_instances/final/random_ER/random_16_5_0.dimacs	1.08	16	16	20	1800	1800
../test_instances/final/random_ER/random_16_5_1.dimacs	1.25	16	16	17	1800	1800
../test_instances/final/random_ER/random_16_6_0.dimacs	0.97	16	16	19	1800	1800
../test_instances/final/random_ER/random_16_6_1.dimacs	0.89	16	16	16	1800	1800
../test_instances/final/random_ER/random_16_7_0.dimacs	1.04	16	16	15	1800	1800
../test_instances/final/random_ER/random_16_7_1.dimacs	0.79	16	16	12	1800	1800
../test_instances/final/random_ER/random_16_8_0.dimacs	0.14	16	16	9	1800	1800
../test_instances/final/random_ER/random_16_8_1.dimacs	0.20	16	16	8	1800	1800
../test_instances/final/random_ER/random_16_9_0.dimacs	0.05	16	16	5	1800	1800
../test_instances/final/random_ER/random_16_9_1.dimacs	0.07	16	16	5	1800	1800
../test_instances/final/random_ER/random_18_1_0.dimacs	0.01	18	12	2	2601	291
../test_instances/final/random_ER/random_18_1_1.dimacs	0.05	18	13	6	2601	533
../test_instances/final/random_ER/random_18_2_0.dimacs	1.32	18	18	15	2601	2601
../test_instances/final/random_ER/random_18_2_1.dimacs	1.45	18	18	17	2601	2313
../test_instances/final/random_ER/random_18_3_0.dimacs	1.07	18	18	17	2601	2601
../test_instances/final/random_ER/random_18_3_1.dimacs	0.53	18	18	13	2601	1788
../test_instances/final/random_ER/random_18_4_0.dimacs	15.27	18	18	28	2601	2601
../test_instances/final/random_ER/random_18_4_1.dimacs	1.53	18	18	20	2601	2601
../test_instances/final/random_ER/random_18_5_0.dimacs	2.53	18	18	25	2601	2601
../test_instances/final/random_ER/random_18_5_1.dimacs	1.33	18	18	19	2601	2601
../test_instances/final/random_ER/random_18_6_0.dimacs	1.70	18	18	20	2601	2601
../test_instances/final/random_ER/random_18_6_1.dimacs	1.42	18	18	20	2601	2601
../test_instances/final/random_ER/random_18_7_0.dimacs	1.02	18	18	16	2601	2601
../test_instances/final/random_ER/random_18_7_1.dimacs	1.53	18	18	18	2601	2601
../test_instances/final/random_ER/random_18_8_0.dimacs	1.49	18	18	14	2601	2601
../test_instances/final/random_ER/random_18_8_1.dimacs	1.30	18	18	14	2601	2601
../test_instances/final/random_ER/random_18_9_0.dimacs	0.08	18	18	5	2601	2601
../test_instances/final/random_ER/random_18_9_1.dimacs	0.40	18	18	11	2601	2601
../test_instances/final/random_ER/random_20_1_0.dimacs	0.04	20	17	6	3610	1252
../test_instances/final/random_ER/random_20_1_1.dimacs	0.01	20	19	4	3610	966
../test_instances/final/random_ER/random_20_2_0.dimacs	0.37	20	20	14	3610	2587
../test_instances/final/random_ER/random_20_2_1.dimacs	0.57	20	19	12	3610	2450
../test_instances/final/random_ER/random_20_3_0.dimacs	2.88	20	20	26	3610	3610
../test_instances/final/random_ER/random_20_3_1.dimacs	2.66	20	20	20	3610	3250
../test_instances/final/random_ER/random_20_4_0.dimacs	7.00	20	20	27	3610	3610
../test_instances/final/random_ER/random_20_4_1.dimacs	2.77	20	20	26	3610	3610
../test_instances/final/random_ER/random_20_5_0.dimacs	4.55	20	20	30	3610	3610
../test_instances/final/random_ER/random_20_5_1.dimacs	6.24	20	20	32	3610	3610
../test_instances/final/random_ER/random_20_6_0.dimacs	3.84	20	20	31	3610	3610
../test_instances/final/random_ER/random_20_6_1.dimacs	3.36	20	20	29	3610	3610
../test_instances/final/random_ER/random_20_7_0.dimacs	1.76	20	20	23	3610	3610
../test_instances/final/random_ER/random_20_7_1.dimacs	4.05	20	20	26	3610	3610
../test_instances/final/random_ER/random_20_8_0.dimacs	1.37	20	20	18	3610	3610
../test_instances/final/random_ER/random_20_8_1.dimacs	1.97	20	20	17	3610	3610
../test_instances/final/random_ER/random_20_9_0.dimacs	0.22	20	20	9	3610	3610
../test_instances/final/random_ER/random_20_9_1.dimacs	0.53	20	20	9	3610	3610
../test_instances/final/random_ER/random_22_1_0.dimacs	0.04	22	20	6	4851	2000
../test_instances/final/random_ER/random_22_1_1.dimacs	0.22	22	20	8	4851	2909
../test_instances/final/random_ER/random_22_2_0.dimacs	17.56	22	22	25	4851	4851
../test_instances/final/random_ER/random_22_2_1.dimacs	5.83	22	22	22	4851	4411
../test_instances/final/random_ER/random_22_3_0.dimacs	44.75	22	22	35	4851	4851
../test_instances/final/random_ER/random_22_3_1.dimacs	27.44	22	22	29	4851	4851
../test_instances/final/random_ER/random_22_4_0.dimacs	4.86	22	22	27	4851	4851
../test_instances/final/random_ER/random_22_4_1.dimacs	7.18	22	22	31	4851	4851
../test_instances/final/random_ER/random_22_5_0.dimacs	7.52	22	22	36	4851	4851
../test_instances/final/random_ER/random_22_5_1.dimacs	4.45	22	22	32	4851	4851
../test_instances/final/random_ER/random_22_6_0.dimacs	4.42	22	22	34	4851	4851
../test_instances/final/random_ER/random_22_6_1.dimacs	5.22	22	22	35	4851	4851
../test_instances/final/random_ER/random_22_7_0.dimacs	7.58	22	22	35	4851	4851
../test_instances/final/random_ER/random_22_7_1.dimacs	3.66	22	22	28	4851	4851
../test_instances/final/random_ER/random_22_8_0.dimacs	3.25	22	22	21	4851	4851
../test_instances/final/random_ER/random_22_8_1.dimacs	2.87	22	22	25	4851	4851
../test_instances/final/random_ER/random_22_9_0.dimacs	1.52	22	22	12	4851	4851
../test_instances/final/random_ER/random_22_9_1.dimacs	0.74	22	22	12	4851	4851
../test_instances/final/random_ER/random_24_1_0.dimacs	0.07	24	19	7	6348	1615
../test_instances/final/random_ER/random_24_1_1.dimacs	0.31	24	23	10	6348	2601
../test_instances/final/random_ER/random_24_2_0.dimacs	7.89	24	24	23	6348	5820
../test_instances/final/random_ER/random_24_2_1.dimacs	3.11	24	23	18	6348	4622
../test_instances/final/random_ER/random_24_3_0.dimacs	68.43	24	24	34	6348	6348
../test_instances/final/random_ER/random_24_3_1.dimacs	65.18	24	24	39	6348	6348
../test_instances/final/random_ER/random_24_4_0.dimacs	73.09	24	24	41	6348	6348
../test_instances/final/random_ER/random_24_4_1.dimacs	13.03	24	24	37	6348	6348
../test_instances/final/random_ER/random_24_5_0.dimacs	62.44	24	24	50	6348	6348
../test_instances/final/random_ER/random_24_5_1.dimacs	12.48	24	24	40	6348	6348
../test_instances/final/random_ER/random_24_6_0.dimacs	11.20	24	24	43	6348	6348
../test_instances/final/random_ER/random_24_6_1.dimacs	41.82	24	24	49	6348	6348
../test_instances/final/random_ER/random_24_7_0.dimacs	17.23	24	24	42	6348	6348
../test_instances/final/random_ER/random_24_7_1.dimacs	6.72	24	24	32	6348	6348
../test_instances/final/random_ER/random_24_8_0.dimacs	4.97	24	24	28	6348	6348
../test_instances/final/random_ER/random_24_8_1.dimacs	4.46	24	24	24	6348	6348
../test_instances/final/random_ER/random_24_9_0.dimacs	5.17	24	24	21	6348	6348
../test_instances/final/random_ER/random_24_9_1.dimacs	2.80	24	24	18	6348	6348
../test_instances/final/random_ER/random_26_1_0.dimacs	2.37	26	23	16	8125	4622
../test_instances/final/random_ER/random_26_1_1.dimacs	0.49	26	24	11	8125	4812
../test_instances/final/random_ER/random_26_2_0.dimacs	84.57	26	26	29	8125	7501
../test_instances/final/random_ER/random_26_2_1.dimacs	84.94	26	26	31	8125	8125
../test_instances/final/random_ER/random_26_3_0.dimacs	135.59	26	26	41	8125	8125
../test_instances/final/random_ER/random_26_3_1.dimacs	1596.50	26	26	47	8125	8125
../test_instances/final/random_ER/random_26_4_0.dimacs	236.79	26	26	52	8125	8125
../test_instances/final/random_ER/random_26_4_1.dimacs	173.73	26	26	50	8125	8125
../test_instances/final/random_ER/random_26_5_0.dimacs	87.65	26	26	56	8125	8125
../test_instances/final/random_ER/random_26_5_1.dimacs	82.73	26	26	52	8125	8125
../test_instances/final/random_ER/random_26_6_0.dimacs	87.07	26	26	57	8125	8125
../test_instances/final/random_ER/random_26_6_1.dimacs	47.88	26	26	54	8125	8125
../test_instances/final/random_ER/random_26_7_0.dimacs	24.09	26	26	45	8125	8125
../test_instances/final/random_ER/random_26_7_1.dimacs	16.90	26	26	42	8125	8125
../test_instances/final/random_ER/random_26_8_0.dimacs	12.48	26	26	36	8125	8125
../test_instances/final/random_ER/random_26_8_1.dimacs	6.59	26	26	32	8125	8125
../test_instances/final/random_ER/random_26_9_0.dimacs	2.36	26	26	15	8125	8125
../test_instances/final/random_ER/random_26_9_1.dimacs	3.14	26	26	18	8125	8125
../test_instances/final/random_ER/random_28_1_0.dimacs	1.00	28	28	14	10206	6180
../test_instances/final/random_ER/random_28_1_1.dimacs	0.05	28	21	6	10206	1800
../test_instances/final/random_ER/random_28_2_0.dimacs	307.78	28	28	38	10206	10206
../test_instances/final/random_ER/random_28_2_1.dimacs	163.48	28	28	29	10206	9478
../test_instances/final/random_ER/random_28_3_0.dimacs	430.21	28	28	49	10206	10206
../test_instances/final/random_ER/random_28_3_1.dimacs	2048.08	28	28	58	10206	10206
../test_instances/final/random_ER/random_28_4_0.dimacs	380.07	28	28	62	10206	10206
../test_instances/final/random_ER/random_28_4_1.dimacs	249.31	28	28	57	10206	10206
../test_instances/final/random_ER/random_28_5_0.dimacs	606.47	28	28	67	10206	10206
../test_instances/final/random_ER/random_28_5_1.dimacs	124.60	28	28	63	10206	10206
../test_instances/final/random_ER/random_28_6_0.dimacs	483.14	28	28	68	10206	10206
../test_instances/final/random_ER/random_28_6_1.dimacs	30.83	28	28	54	10206	10206
../test_instances/final/random_ER/random_28_7_0.dimacs	29.02	28	28	51	10206	10206
../test_instances/final/random_ER/random_28_7_1.dimacs	42.10	28	28	49	10206	10206
../test_instances/final/random_ER/random_28_8_0.dimacs	25.32	28	28	43	10206	10206
../test_instances/final/random_ER/random_28_8_1.dimacs	23.40	28	28	43	10206	10206
../test_instances/final/random_ER/random_28_9_0.dimacs	7.89	28	28	26	10206	10206
../test_instances/final/random_ER/random_28_9_1.dimacs	9.27	28	28	26	10206	10206
../test_instances/final/random_ER/random_30_1_0.dimacs	1.24	30	25	12	12615	5504
../test_instances/final/random_ER/random_30_1_1.dimacs	0.79	30	27	12	12615	5989
../test_instances/final/random_ER/random_30_2_0.dimacs	338.88	30	29	35	12615	11368
../test_instances/final/random_ER/random_30_2_1.dimacs	157.08	30	30	40	12615	12615
../test_instances/final/random_ER/random_30_5_0.dimacs	178.60	30	30	71	12615	12615
../test_instances/final/random_ER/random_30_5_1.dimacs	1320.62	30	30	78	12615	12615
../test_instances/final/random_ER/random_30_6_0.dimacs	70.95	30	30	66	12615	12615
../test_instances/final/random_ER/random_30_6_1.dimacs	346.66	30	30	75	12615	12615
../test_instances/final/random_ER/random_30_7_0.dimacs	56.22	30	30	59	12615	12615
../test_instances/final/random_ER/random_30_7_1.dimacs	298.38	30	30	73	12615	12615
../test_instances/final/random_ER/random_30_8_0.dimacs	33.51	30	30	48	12615	12615
../test_instances/final/random_ER/random_30_8_1.dimacs	29.37	30	30	49	12615	12615
../test_instances/final/random_ER/random_30_9_0.dimacs	13.62	30	30	33	12615	12615
../test_instances/final/random_ER/random_30_9_1.dimacs	10.48	30	30	31	12615	12615
../test_instances/final/random_SBM/sbm_10_1_80_20.dimacs	0.04	10	10	4	405	405
../test_instances/final/random_SBM/sbm_10_1_88_12.dimacs	0.01	10	10	2	405	405
../test_instances/final/random_SBM/sbm_10_1_95_5.dimacs	0.01	10	10	1	405	405
../test_instances/final/random_SBM/sbm_10_2_80_20.dimacs	0.02	10	10	4	405	325
../test_instances/final/random_SBM/sbm_10_2_88_12.dimacs	0.00	10	8	1	405	6
../test_instances/final/random_SBM/sbm_10_2_95_5.dimacs	0.01	10	8	1	405	196
../test_instances/final/random_SBM/sbm_10_3_80_20.dimacs	0.02	10	10	4	405	246
../test_instances/final/random_SBM/sbm_10_3_88_12.dimacs	0.03	10	10	5	405	405
../test_instances/final/random_SBM/sbm_10_3_95_5.dimacs	0.01	10	9	3	405	225
../test_instances/final/random_SBM/sbm_10_4_80_20.dimacs	0.01	10	10	4	405	254
../test_instances/final/random_SBM/sbm_10_4_88_12.dimacs	0.02	10	10	3	405	325
../test_instances/final/random_SBM/sbm_10_4_95_5.dimacs	0.00	10	10	2	405	184
../test_instances/final/random_SBM/sbm_10_5_80_20.dimacs	0.00	10	10	3	405	192
../test_instances/final/random_SBM/sbm_10_5_88_12.dimacs	0.00	10	10	2	405	239
../test_instances/final/random_SBM/sbm_10_5_95_5.dimacs	0.00	10	5	1	405	21
../test_instances/final/random_SBM/sbm_10_6_80_20.dimacs	0.01	10	9	3	405	170
../test_instances/final/random_SBM/sbm_10_6_88_12.dimacs	0.01	10	10	2	405	184
../test_instances/final/random_SBM/sbm_10_6_95_5.dimacs	0.01	10	7	2	405	56
../test_instances/final/random_SBM/sbm_12_1_80_20.dimacs	0.02	12	12	5	726	726
../test_instances/final/random_SBM/sbm_12_1_88_12.dimacs	0.01	12	12	3	726	726
../test_instances/final/random_SBM/sbm_12_1_95_5.dimacs	0.00	12	0	0	726	0
../test_instances/final/random_SBM/sbm_12_2_80_20.dimacs	0.05	12	12	6	726	497
../test_instances/final/random_SBM/sbm_12_2_88_12.dimacs	0.01	12	12	2	726	487
../test_instances/final/random_SBM/sbm_12_2_95_5.dimacs	0.00	12	10	1	726	131
../test_instances/final/random_SBM/sbm_12_3_80_20.dimacs	0.02	12	12	4	726	606
../test_instances/final/random_SBM/sbm_12_3_88_12.dimacs	0.15	12	12	8	726	726
../test_instances/final/random_SBM/sbm_12_3_95_5.dimacs	0.01	12	7	1	726	126
../test_instances/final/random_SBM/sbm_12_4_80_20.dimacs	0.07	12	12	6	726	595
../test_instances/final/random_SBM/sbm_12_4_88_12.dimacs	0.09	12	12	6	726	726
../test_instances/final/random_SBM/sbm_12_4_95_5.dimacs	0.01	12	9	2	726	163
../test_instances/final/random_SBM/sbm_12_5_80_20.dimacs	0.17	12	12	8	726	726
../test_instances/final/random_SBM/sbm_12_5_88_12.dimacs	0.02	12	11	4	726	353
../test_instances/final/random_SBM/sbm_12_5_95_5.dimacs	0.00	12	10	1	726	24
../test_instances/final/random_SBM/sbm_12_6_80_20.dimacs	0.00	12	10	2	726	88
../test_instances/final/random_SBM/sbm_12_6_88_12.dimacs	0.01	12	9	2	726	288
../test_instances/final/random_SBM/sbm_12_6_95_5.dimacs	0.00	12	0	0	726	0
../test_instances/final/random_SBM/sbm_14_1_80_20.dimacs	0.01	14	14	4	1183	273
../test_instances/final/random_SBM/sbm_14_1_88_12.dimacs	0.01	14	11	2	1183	155
../test_instances/final/random_SBM/sbm_14_1_95_5.dimacs	0.02	14	14	1	1183	1183
../test_instances/final/random_SBM/sbm_14_2_80_20.dimacs	0.31	14	14	10	1183	1183
../test_instances/final/random_SBM/sbm_14_2_88_12.dimacs	0.03	14	13	5	1183	533
../test_instances/final/random_SBM/sbm_14_2_95_5.dimacs	0.11	14	14	7	1183	1183
../test_instances/final/random_SBM/sbm_14_3_80_20.dimacs	0.59	14	14	13	1183	1183
../test_instances/final/random_SBM/sbm_14_3_88_12.dimacs	0.01	14	12	3	1183	390
../test_instances/final/random_SBM/sbm_14_3_95_5.dimacs	0.03	14	14	5	1183	718
../test_instances/final/random_SBM/sbm_14_4_80_20.dimacs	0.53	14	14	12	1183	1183
../test_instances/final/random_SBM/sbm_14_4_88_12.dimacs	0.07	14	14	6	1183	1183
../test_instances/final/random_SBM/sbm_14_4_95_5.dimacs	0.01	14	13	3	1183	419
../test_instances/final/random_SBM/sbm_14_5_80_20.dimacs	0.18	14	14	10	1183	1015
../test_instances/final/random_SBM/sbm_14_5_88_12.dimacs	0.06	14	14	8	1183	860
../test_instances/final/random_SBM/sbm_14_5_95_5.dimacs	0.02	14	11	4	1183	362
../test_instances/final/random_SBM/sbm_14_6_80_20.dimacs	0.19	14	14	9	1183	860
../test_instances/final/random_SBM/sbm_14_6_88_12.dimacs	0.13	14	14	7	1183	848
../test_instances/final/random_SBM/sbm_14_6_95_5.dimacs	0.01	14	12	3	1183	478
../test_instances/final/random_SBM/sbm_16_1_80_20.dimacs	0.76	16	16	13	1800	1800
../test_instances/final/random_SBM/sbm_16_1_88_12.dimacs	0.09	16	15	7	1800	1275
../test_instances/final/random_SBM/sbm_16_1_95_5.dimacs	0.03	16	16	4	1800	1800
../test_instances/final/random_SBM/sbm_16_2_80_20.dimacs	1.21	16	16	17	1800	1800
../test_instances/final/random_SBM/sbm_16_2_88_12.dimacs	0.06	16	16	6	1800	971
../test_instances/final/random_SBM/sbm_16_2_95_5.dimacs	0.06	16	16	6	1800	1800
../test_instances/final/random_SBM/sbm_16_3_80_20.dimacs	0.83	16	16	17	1800	1800
../test_instances/final/random_SBM/sbm_16_3_88_12.dimacs	0.53	16	16	11	1800	1800
../test_instances/final/random_SBM/sbm_16_3_95_5.dimacs	0.03	16	15	4	1800	1275
../test_instances/final/random_SBM/sbm_16_4_80_20.dimacs	0.56	16	16	13	1800	1800
../test_instances/final/random_SBM/sbm_16_4_88_12.dimacs	0.28	16	15	9	1800	1261
../test_instances/final/random_SBM/sbm_16_4_95_5.dimacs	0.09	16	16	6	1800	1800
../test_instances/final/random_SBM/sbm_16_5_80_20.dimacs	0.51	16	16	11	1800	1800
../test_instances/final/random_SBM/sbm_16_5_88_12.dimacs	0.48	16	16	11	1800	1800
../test_instances/final/random_SBM/sbm_16_5_95_5.dimacs	0.03	16	16	4	1800	1160
../test_instances/final/random_SBM/sbm_16_6_80_20.dimacs	1.05	16	16	17	1800	1800
../test_instances/final/random_SBM/sbm_16_6_88_12.dimacs	0.15	16	16	8	1800	994
../test_instances/final/random_SBM/sbm_16_6_95_5.dimacs	0.03	16	15	5	1800	1081
../test_instances/final/random_SBM/sbm_18_1_80_20.dimacs	0.17	18	18	12	2601	2601
../test_instances/final/random_SBM/sbm_18_1_88_12.dimacs	0.14	18	18	11	2601	2601
../test_instances/final/random_SBM/sbm_18_1_95_5.dimacs	0.06	18	18	5	2601	2601
../test_instances/final/random_SBM/sbm_18_2_80_20.dimacs	1.35	18	18	20	2601	2601
../test_instances/final/random_SBM/sbm_18_2_88_12.dimacs	0.09	18	18	7	2601	2313
../test_instances/final/random_SBM/sbm_18_2_95_5.dimacs	0.06	18	18	7	2601	2313
../test_instances/final/random_SBM/sbm_18_3_80_20.dimacs	0.74	18	17	14	2601	2176
../test_instances/final/random_SBM/sbm_18_3_88_12.dimacs	0.18	18	17	9	2601	1667
../test_instances/final/random_SBM/sbm_18_3_95_5.dimacs	0.24	18	18	10	2601	2601
../test_instances/final/random_SBM/sbm_18_4_80_20.dimacs	1.46	18	18	19	2601	2601
../test_instances/final/random_SBM/sbm_18_4_88_12.dimacs	1.16	18	18	14	2601	2601
../test_instances/final/random_SBM/sbm_18_4_95_5.dimacs	0.06	18	18	5	2601	1759
../test_instances/final/random_SBM/sbm_18_5_80_20.dimacs	3.14	18	18	23	2601	2601
../test_instances/final/random_SBM/sbm_18_5_88_12.dimacs	0.77	18	18	13	2601	2601
../test_instances/final/random_SBM/sbm_18_5_95_5.dimacs	0.15	18	18	8	2601	2313
../test_instances/final/random_SBM/sbm_18_6_80_20.dimacs	1.19	18	18	17	2601	2313
../test_instances/final/random_SBM/sbm_18_6_88_12.dimacs	0.64	18	16	12	2601	1576
../test_instances/final/random_SBM/sbm_18_6_95_5.dimacs	0.26	18	18	9	2601	2025
../test_instances/final/random_SBM/sbm_20_1_80_20.dimacs	2.14	20	20	19	3610	3610
../test_instances/final/random_SBM/sbm_20_1_88_12.dimacs	0.42	20	20	17	3610	3610
../test_instances/final/random_SBM/sbm_20_1_95_5.dimacs	0.03	20	20	4	3610	2587
../test_instances/final/random_SBM/sbm_20_2_80_20.dimacs	1.65	20	20	23	3610	3610
../test_instances/final/random_SBM/sbm_20_2_88_12.dimacs	1.89	20	20	19	3610	3610
../test_instances/final/random_SBM/sbm_20_2_95_5.dimacs	0.26	20	20	12	3610	3610
../test_instances/final/random_SBM/sbm_20_3_80_20.dimacs	1.82	20	20	20	3610	3610
../test_instances/final/random_SBM/sbm_20_3_88_12.dimacs	2.47	20	20	20	3610	3610
../test_instances/final/random_SBM/sbm_20_3_95_5.dimacs	0.08	20	19	6	3610	2755
../test_instances/final/random_SBM/sbm_20_4_80_20.dimacs	3.59	20	20	25	3610	3610
../test_instances/final/random_SBM/sbm_20_4_88_12.dimacs	0.77	20	20	14	3610	2909
../test_instances/final/random_SBM/sbm_20_4_95_5.dimacs	0.47	20	19	10	3610	2755
../test_instances/final/random_SBM/sbm_20_5_80_20.dimacs	3.19	20	20	24	3610	3610
../test_instances/final/random_SBM/sbm_20_5_88_12.dimacs	1.89	20	20	17	3610	3231
../test_instances/final/random_SBM/sbm_20_5_95_5.dimacs	0.19	20	20	8	3610	2909
../test_instances/final/random_SBM/sbm_20_6_80_20.dimacs	11.89	20	20	25	3610	3250
../test_instances/final/random_SBM/sbm_20_6_88_12.dimacs	1.31	20	20	18	3610	3610
../test_instances/final/random_SBM/sbm_20_6_95_5.dimacs	0.14	20	20	7	3610	2909
../test_instances/final/random_SBM/sbm_22_1_80_20.dimacs	2.90	22	22	25	4851	4851
../test_instances/final/random_SBM/sbm_22_1_88_12.dimacs	1.51	22	22	15	4851	4851
../test_instances/final/random_SBM/sbm_22_1_95_5.dimacs	0.15	22	22	8	4851	4851
../test_instances/final/random_SBM/sbm_22_2_80_20.dimacs	5.06	22	22	31	4851	4851
../test_instances/final/random_SBM/sbm_22_2_88_12.dimacs	2.55	22	22	21	4851	4851
../test_instances/final/random_SBM/sbm_22_2_95_5.dimacs	0.23	22	22	12	4851	4411
../test_instances/final/random_SBM/sbm_22_3_80_20.dimacs	5.64	22	22	27	4851	4851
../test_instances/final/random_SBM/sbm_22_3_88_12.dimacs	3.89	22	22	22	4851	4851
../test_instances/final/random_SBM/sbm_22_3_95_5.dimacs	0.37	22	22	9	4851	4851
../test_instances/final/random_SBM/sbm_22_4_80_20.dimacs	2.19	22	22	26	4851	3992
../test_instances/final/random_SBM/sbm_22_4_88_12.dimacs	4.41	22	22	24	4851	4851
../test_instances/final/random_SBM/sbm_22_4_95_5.dimacs	0.10	22	21	7	4851	3063
../test_instances/final/random_SBM/sbm_22_5_80_20.dimacs	3.44	22	22	22	4851	4851
../test_instances/final/random_SBM/sbm_22_5_88_12.dimacs	5.84	22	22	23	4851	4851
../test_instances/final/random_SBM/sbm_22_5_95_5.dimacs	0.93	22	22	12	4851	3575
../test_instances/final/random_SBM/sbm_22_6_80_20.dimacs	4.35	22	22	27	4851	4851
../test_instances/final/random_SBM/sbm_22_6_88_12.dimacs	2.68	22	22	21	4851	3992
../test_instances/final/random_SBM/sbm_22_6_95_5.dimacs	0.72	22	22	11	4851	3953
../test_instances/final/random_SBM/sbm_24_1_80_20.dimacs	7.23	24	24	25	6348	5820
../test_instances/final/random_SBM/sbm_24_1_88_12.dimacs	0.29	24	24	16	6348	6348
../test_instances/final/random_SBM/sbm_24_1_95_5.dimacs	0.13	24	24	9	6348	6348
../test_instances/final/random_SBM/sbm_24_2_80_20.dimacs	43.45	24	24	42	6348	6348
../test_instances/final/random_SBM/sbm_24_2_88_12.dimacs	7.08	24	24	32	6348	6348
../test_instances/final/random_SBM/sbm_24_2_95_5.dimacs	0.51	24	24	12	6348	6348
../test_instances/final/random_SBM/sbm_24_3_80_20.dimacs	131.17	24	24	44	6348	6348
../test_instances/final/random_SBM/sbm_24_3_88_12.dimacs	2.81	24	24	20	6348	5820
../test_instances/final/random_SBM/sbm_24_3_95_5.dimacs	0.22	24	24	10	6348	6348
../test_instances/final/random_SBM/sbm_24_4_80_20.dimacs	60.23	24	24	39	6348	6348
../test_instances/final/random_SBM/sbm_24_4_88_12.dimacs	16.28	24	24	32	6348	6348
../test_instances/final/random_SBM/sbm_24_4_95_5.dimacs	0.26	24	24	11	6348	5293
../test_instances/final/random_SBM/sbm_24_5_80_20.dimacs	14.98	24	24	34	6348	6348
../test_instances/final/random_SBM/sbm_24_5_88_12.dimacs	47.16	24	24	32	6348	6348
../test_instances/final/random_SBM/sbm_24_5_95_5.dimacs	0.37	24	23	11	6348	5083
../test_instances/final/random_SBM/sbm_24_6_80_20.dimacs	12.62	24	24	31	6348	6348
../test_instances/final/random_SBM/sbm_24_6_88_12.dimacs	46.20	24	24	28	6348	6348
../test_instances/final/random_SBM/sbm_24_6_95_5.dimacs	0.44	24	24	11	6348	5820
../test_instances/final/random_SBM/sbm_26_1_80_20.dimacs	24.58	26	26	34	8125	8125
../test_instances/final/random_SBM/sbm_26_1_88_12.dimacs	4.37	26	26	24	8125	8125
../test_instances/final/random_SBM/sbm_26_1_95_5.dimacs	0.24	26	26	10	8125	8125
../test_instances/final/random_SBM/sbm_26_2_80_20.dimacs	12.74	26	26	37	8125	8125
../test_instances/final/random_SBM/sbm_26_2_88_12.dimacs	8.22	26	26	30	8125	8125
../test_instances/final/random_SBM/sbm_26_2_95_5.dimacs	1.76	26	26	17	8125	7501
../test_instances/final/random_SBM/sbm_26_3_80_20.dimacs	406.96	26	26	43	8125	8125
../test_instances/final/random_SBM/sbm_26_3_88_12.dimacs	75.78	26	26	37	8125	8125
../test_instances/final/random_SBM/sbm_26_3_95_5.dimacs	0.71	26	26	12	8125	8125
../test_instances/final/random_SBM/sbm_26_4_80_20.dimacs	180.53	26	26	44	8125	8125
../test_instances/final/random_SBM/sbm_26_4_88_12.dimacs	5.71	26	26	30	8125	7501
../test_instances/final/random_SBM/sbm_26_4_95_5.dimacs	4.19	26	26	17	8125	8125
../test_instances/final/random_SBM/sbm_26_5_80_20.dimacs	379.43	26	26	46	8125	8125
../test_instances/final/random_SBM/sbm_26_5_88_12.dimacs	70.13	26	26	33	8125	8125
../test_instances/final/random_SBM/sbm_26_5_95_5.dimacs	1.61	26	25	15	8125	6074
../test_instances/final/random_SBM/sbm_26_6_80_20.dimacs	463.17	26	26	42	8125	8125
../test_instances/final/random_SBM/sbm_26_6_88_12.dimacs	15.18	26	26	29	8125	8125
../test_instances/final/random_SBM/sbm_26_6_95_5.dimacs	0.12	26	25	8	8125	4526
../test_instances/final/random_SBM/sbm_28_1_80_20.dimacs	6.16	28	28	38	10206	10206
../test_instances/final/random_SBM/sbm_28_1_88_12.dimacs	4.98	28	28	25	10206	10206
../test_instances/final/random_SBM/sbm_28_1_95_5.dimacs	0.36	28	28	11	10206	10206
../test_instances/final/random_SBM/sbm_28_2_80_20.dimacs	69.51	28	28	52	10206	10206
../test_instances/final/random_SBM/sbm_28_2_88_12.dimacs	2.96	28	28	24	10206	8103
../test_instances/final/random_SBM/sbm_28_2_95_5.dimacs	0.32	28	28	12	10206	8777
../test_instances/final/random_SBM/sbm_28_3_88_12.dimacs	15.15	28	28	33	10206	9478
../test_instances/final/random_SBM/sbm_28_3_95_5.dimacs	2.45	28	28	19	10206	10206
../test_instances/final/random_SBM/sbm_28_4_80_20.dimacs	155.76	28	28	44	10206	10206
../test_instances/final/random_SBM/sbm_28_4_88_12.dimacs	27.94	28	28	37	10206	10206
../test_instances/final/random_SBM/sbm_28_4_95_5.dimacs	2.87	28	28	17	10206	9478
../test_instances/final/random_SBM/sbm_28_5_80_20.dimacs	1454.59	28	28	50	10206	10206
../test_instances/final/random_SBM/sbm_28_5_88_12.dimacs	78.31	28	28	37	10206	10206
../test_instances/final/random_SBM/sbm_28_5_95_5.dimacs	2.86	28	28	18	10206	9478
../test_instances/final/random_SBM/sbm_28_6_80_20.dimacs	609.68	28	28	42	10206	10206
../test_instances/final/random_SBM/sbm_28_6_88_12.dimacs	413.24	28	28	41	10206	10206
../test_instances/final/random_SBM/sbm_28_6_95_5.dimacs	0.80	28	28	14	10206	6812
../test_instances/final/random_SBM/sbm_30_1_80_20.dimacs	18.54	30	30	46	12615	12615
../test_instances/final/random_SBM/sbm_30_1_88_12.dimacs	2.17	30	30	31	12615	12615
../test_instances/final/random_SBM/sbm_30_1_95_5.dimacs	2.25	30	29	16	12615	9830
../test_instances/final/random_SBM/sbm_30_2_80_20.dimacs	134.24	30	30	41	12615	12615
../test_instances/final/random_SBM/sbm_30_2_88_12.dimacs	15.10	30	30	33	12615	12615
../test_instances/final/random_SBM/sbm_30_2_95_5.dimacs	0.22	30	30	9	12615	10964
../test_instances/final/random_SBM/sbm_30_3_88_12.dimacs	27.73	30	30	36	12615	12615
../test_instances/final/random_SBM/sbm_30_3_95_5.dimacs	1.73	30	27	17	12615	7179
../test_instances/final/random_SBM/sbm_30_4_80_20.dimacs	381.66	30	30	53	12615	12615
../test_instances/final/random_SBM/sbm_30_4_88_12.dimacs	2450.37	30	30	56	12615	11775
../test_instances/final/random_SBM/sbm_30_4_95_5.dimacs	5.65	30	30	22	12615	12615
../test_instances/final/random_SBM/sbm_30_5_88_12.dimacs	3415.61	30	30	46	12615	12615
../test_instances/final/random_SBM/sbm_30_5_95_5.dimacs	6.37	30	30	21	12615	12615
../test_instances/final/random_SBM/sbm_30_6_88_12.dimacs	1446.55	30	30	44	12615	12615
../test_instances/final/random_SBM/sbm_30_6_95_5.dimacs	0.57	30	29	13	12615	9052
